A134_P138,A134_S137,A134_T136,A134_Y141,A150_F71,A150_I153,A150_L145,A150_V67,A150_Y70,A176_A181,A176_F194,A176_I182,A176_N196,A176_T195,A176_Y174,A176_Y185,A181_C184,A181_F194,A186_E188,A186_I182,A186_N103,A186_N183,A198_I201,A200_H296,A200_I294,A200_N196,A200_N293,A200_Q197,A200_S203,A200_T195
1,0,1,1,1,1,0,0,0,0,0,1,0,1,0,1,1,1,0,1,0,1,1,0,0,1,0,1,1,0
1,0,1,1,0,1,0,0,1,0,0,1,0,1,0,1,1,1,0,1,1,0,0,0,0,1,0,1,1,1
0,0,1,1,1,0,0,0,0,0,0,0,0,1,0,1,1,1,1,0,1,0,1,0,0,1,0,1,0,0
1,0,1,1,1,1,0,0,0,1,0,0,1,1,0,1,1,1,0,1,0,0,1,0,0,0,0,1,0,0
1,0,1,1,0,1,0,0,1,1,0,0,0,1,0,1,1,1,0,1,1,0,0,0,0,1,0,1,0,0
0,0,1,1,1,1,0,0,0,0,0,0,1,1,0,1,1,1,0,1,0,1,1,0,0,1,0,1,1,0
1,0,1,1,0,1,1,0,0,1,1,0,0,1,0,1,1,1,0,1,0,0,1,0,0,1,1,1,1,0
1,0,1,1,1,1,0,0,0,0,0,0,0,1,1,1,1,1,0,1,0,0,1,0,0,1,0,1,0,0
1,1,1,1,0,1,0,0,1,0,0,1,0,0,0,1,1,1,0,1,0,1,1,0,0,1,0,1,0,0
0,1,1,1,1,1,0,0,1,1,0,0,0,1,0,1,1,1,0,1,0,0,0,0,0,1,1,1,0,0
0,1,1,1,0,1,0,0,0,0,0,0,0,1,0,1,1,1,0,1,0,1,1,0,0,1,1,1,0,0
0,0,1,1,1,1,0,0,1,1,1,0,0,1,0,1,1,0,0,1,0,1,1,1,0,1,0,1,0,0
0,1,1,0,0,1,0,0,0,0,0,0,0,1,0,1,1,1,0,1,0,1,1,0,0,1,1,0,0,0
1,0,1,1,1,1,0,0,0,1,0,0,0,1,0,1,1,1,0,1,0,0,1,0,0,1,1,1,1,0
1,0,1,1,1,1,0,0,0,1,0,0,0,1,0,1,1,1,0,1,0,1,0,0,0,1,1,1,0,0
0,1,1,1,0,0,0,0,1,1,0,0,1,1,0,1,1,1,0,1,0,1,1,0,0,1,0,1,1,0
0,1,1,1,0,1,0,0,1,1,0,0,0,0,0,1,1,1,0,1,1,1,1,0,0,1,1,1,0,0
1,0,1,0,0,1,0,0,0,1,0,0,0,1,0,1,1,1,1,1,1,1,0,0,0,1,0,1,0,0
1,1,1,0,1,1,0,0,0,1,0,0,0,1,0,1,1,1,0,1,1,1,1,0,0,0,0,1,1,0
1,1,1,0,1,1,0,0,0,0,0,0,0,0,0,1,1,1,0,1,0,0,0,0,0,1,0,0,1,0
0,0,1,0,0,1,0,0,0,0,0,0,0,1,0,1,1,1,0,1,1,1,0,0,0,1,0,1,1,0
1,1,1,0,1,1,1,0,1,1,0,0,0,1,0,1,1,1,0,1,1,1,0,0,0,1,0,1,1,0
1,1,1,0,1,1,1,1,0,1,0,0,0,0,0,1,1,1,0,0,1,1,1,0,1,0,1,1,0,0
1,0,1,1,1,1,1,0,0,1,0,1,0,1,0,1,1,1,0,1,1,0,0,0,0,1,0,1,1,0
1,1,1,0,1,1,0,0,0,1,0,0,0,0,0,1,1,1,1,1,0,1,1,0,0,1,0,0,0,1
1,1,1,0,1,1,0,0,0,0,0,0,1,1,0,1,1,1,1,0,0,1,1,0,0,0,0,0,1,0
1,1,1,1,1,1,1,1,1,0,0,0,0,1,0,1,1,1,0,1,0,0,1,0,0,1,0,1,1,1
1,0,1,0,0,0,1,0,0,0,0,1,0,0,0,1,1,1,0,1,0,1,1,0,0,1,0,1,1,0
1,1,1,1,1,1,0,0,0,1,0,0,0,0,0,1,1,0,1,1,0,1,1,0,0,1,0,1,0,0
0,0,1,0,1,1,0,0,0,0,0,1,0,1,0,1,1,1,0,1,0,1,0,0,0,1,0,1,1,0
0,0,1,0,0,1,0,0,0,1,0,0,0,1,0,1,1,1,0,0,0,1,0,0,0,1,0,1,0,0
0,1,1,1,0,1,0,0,0,1,0,0,0,1,0,1,1,1,0,0,0,1,1,0,0,1,0,1,1,0
0,1,1,0,1,1,0,0,0,1,0,0,0,0,0,1,1,1,1,0,1,0,0,0,0,1,0,1,1,0
0,0,1,1,1,1,0,1,0,1,0,0,0,0,0,1,1,1,0,1,1,1,0,0,0,1,0,1,0,0
1,1,1,1,0,1,0,1,0,1,0,0,0,0,0,1,1,1,0,0,1,1,0,0,0,1,0,1,0,0
0,1,1,1,1,1,0,0,0,1,0,0,0,0,0,1,1,0,0,1,1,0,0,0,0,1,0,1,1,0
1,1,1,0,1,1,0,0,0,0,0,0,0,0,0,1,1,1,1,1,0,1,1,0,0,1,0,1,1,1
0,1,1,0,1,1,0,0,0,1,0,0,0,1,0,1,1,1,0,1,1,1,1,0,0,1,0,1,0,0
1,1,1,0,0,1,0,1,0,1,0,1,0,1,0,1,1,1,1,1,0,1,1,0,0,1,0,1,0,0
0,0,1,0,1,1,0,1,0,0,0,0,1,1,0,1,1,1,0,1,0,1,0,0,0,1,0,1,1,0
0,0,1,0,1,1,0,1,0,0,0,0,0,0,0,1,1,1,0,1,0,1,0,0,0,1,0,1,1,1
0,0,1,0,1,1,0,0,0,1,0,0,0,1,0,1,1,1,0,1,0,1,0,0,0,1,0,0,1,1
1,0,1,0,1,1,1,0,0,0,0,0,0,0,0,1,1,1,0,1,0,1,0,0,0,1,0,0,1,0
0,1,1,1,0,1,0,1,0,0,0,0,0,0,0,1,1,1,0,1,0,1,1,0,0,1,0,1,0,1
1,1,1,0,1,1,0,1,0,1,0,0,0,1,0,1,1,1,0,1,0,0,0,0,0,1,0,1,1,1
0,0,1,0,1,1,0,1,0,0,0,0,0,0,0,1,1,1,0,1,0,0,1,0,0,1,0,1,1,1
1,0,1,0,1,1,0,0,0,0,0,0,1,1,0,1,1,1,0,1,0,1,1,0,0,0,0,1,1,0
1,1,1,0,1,1,0,1,0,0,0,0,0,0,0,1,1,1,0,1,0,1,1,0,0,1,0,1,1,0
1,0,1,0,1,1,0,0,0,1,0,0,0,0,0,1,1,1,0,0,0,1,1,0,0,1,1,1,0,0
0,0,1,1,0,1,0,0,0,0,0,1,0,0,0,1,1,1,1,1,0,0,1,0,0,1,0,1,1,0
1,1,1,0,1,1,0,0,0,0,0,0,1,1,0,1,1,1,0,1,0,1,1,0,0,0,0,1,1,1
0,0,1,0,0,1,0,0,0,1,0,0,0,1,0,1,1,1,0,1,0,0,0,0,0,1,0,1,1,0
1,1,1,1,1,1,0,1,0,0,0,1,0,0,0,1,1,1,0,1,0,1,0,0,0,1,0,1,0,0
0,1,1,0,0,1,0,0,0,1,0,1,0,0,0,1,1,1,0,1,0,0,0,0,0,1,0,1,1,0
1,1,1,0,1,1,0,0,0,0,0,0,0,1,0,1,1,1,0,1,0,1,0,0,0,1,0,1,1,0
1,1,1,1,1,1,0,0,0,0,0,0,0,0,0,1,1,1,0,1,0,1,0,0,0,1,0,1,1,0
1,0,1,1,0,1,0,0,0,1,0,0,0,1,0,1,1,1,0,1,0,1,1,0,0,1,0,0,0,0
0,1,1,0,1,1,1,0,0,0,0,1,0,1,0,1,1,1,0,0,1,1,0,0,0,1,0,1,1,0
1,0,1,0,1,1,0,0,0,1,0,1,1,1,0,1,1,1,0,1,0,1,0,0,0,1,0,1,1,1
1,1,1,0,0,1,0,1,0,0,0,0,1,1,0,1,1,1,0,1,0,1,0,0,0,1,0,1,1,0
1,1,1,0,1,1,0,0,0,1,0,0,0,0,0,1,1,1,0,1,0,1,0,0,0,1,1,0,0,0
0,0,1,1,0,1,0,0,0,1,0,1,0,1,0,1,1,0,0,0,0,1,1,0,0,1,0,1,1,1
1,0,1,0,1,1,0,0,0,1,0,0,0,0,0,1,1,1,0,1,0,1,0,0,0,1,0,1,1,1
1,0,1,0,1,1,0,0,0,0,0,1,0,0,0,1,1,1,1,1,1,0,0,0,0,1,0,0,1,0
0,1,1,1,1,1,0,0,0,0,0,0,1,0,0,1,1,1,1,1,1,1,0,0,0,1,0,1,1,0
1,1,1,1,1,1,0,0,0,1,0,0,0,1,0,1,1,1,0,1,0,1,0,0,0,1,0,0,0,0
1,1,1,1,1,1,0,0,0,1,0,1,0,0,0,1,1,1,0,1,0,1,0,0,0,1,0,1,1,0
0,0,1,1,1,1,0,0,0,1,0,0,0,1,0,1,1,1,1,1,0,1,0,0,0,1,0,1,0,0
1,1,1,1,1,1,0,0,0,1,0,1,0,0,0,1,1,1,0,1,0,1,0,0,0,1,0,1,1,0
1,1,1,1,1,1,0,0,0,1,0,1,0,1,0,1,1,1,0,1,0,1,0,0,0,1,0,1,1,0
0,1,1,0,1,1,1,0,0,0,0,1,0,0,0,1,1,1,0,1,0,0,0,0,0,1,0,1,0,1
1,1,1,1,1,0,0,1,0,1,0,1,0,0,0,1,1,1,0,1,0,1,0,0,0,1,0,1,1,0
0,1,1,0,0,0,0,0,0,1,0,0,1,1,0,1,1,1,0,0,0,0,0,0,0,1,0,1,1,0
1,1,1,0,1,1,0,0,0,1,0,1,0,1,0,1,1,1,0,0,0,1,0,0,0,1,0,1,1,0
1,1,1,0,0,1,0,0,0,0,0,1,0,1,0,1,1,1,0,1,0,0,0,0,0,1,0,1,1,0
1,1,1,0,1,0,0,0,1,1,0,1,1,0,0,1,1,1,0,1,0,1,0,0,0,1,0,1,0,1
0,1,1,0,0,1,1,0,0,1,0,1,0,0,0,1,1,1,0,1,0,0,0,0,0,1,0,1,0,0
0,1,1,0,0,1,0,0,0,0,0,1,0,0,0,1,1,0,1,1,0,1,0,0,0,1,0,1,0,0
1,1,1,1,0,1,0,0,0,1,0,1,1,1,0,1,1,1,0,0,0,1,0,0,0,1,0,1,1,0
1,1,1,0,1,1,0,0,0,1,0,1,0,0,0,1,1,1,0,1,0,0,1,0,0,1,0,1,1,0
1,0,1,0,0,1,1,0,0,1,0,0,0,1,0,1,1,1,1,1,0,0,0,0,0,1,0,0,0,1
0,0,1,0,1,1,0,0,0,1,1,0,1,1,0,0,1,1,0,0,1,1,0,0,0,1,0,1,1,0
1,1,1,0,0,1,0,0,1,1,1,0,0,1,0,0,1,1,1,1,0,1,0,0,0,1,0,0,1,1
0,0,1,1,1,1,1,1,0,1,1,0,1,1,0,0,1,1,0,1,1,1,0,0,0,1,0,0,0,0
1,1,1,1,0,0,1,1,0,1,1,0,1,1,0,0,1,0,0,1,0,1,1,0,0,1,0,1,0,1
0,1,1,1,1,1,0,1,0,1,1,0,1,1,0,0,1,1,0,1,0,0,1,0,0,1,0,1,1,0
0,1,1,0,0,1,0,0,0,1,1,1,1,0,0,0,1,1,0,1,1,1,1,0,0,1,0,1,1,0
0,0,1,1,1,1,0,1,0,1,1,1,1,0,0,0,1,1,0,1,1,1,1,0,0,1,0,0,1,1
1,1,1,1,1,1,1,0,0,1,1,0,1,1,0,0,1,1,0,1,0,1,0,0,0,1,0,1,0,0
1,1,1,1,1,1,1,0,0,1,1,1,1,0,0,0,1,1,0,1,0,1,0,0,0,1,0,1,1,0
0,0,1,1,1,0,0,0,0,1,1,0,1,0,1,0,1,0,0,1,0,1,0,0,0,1,0,1,1,0
1,1,1,0,0,1,0,1,0,1,1,1,1,0,0,0,0,1,0,0,0,1,0,0,0,1,1,1,1,0
0,1,1,0,1,1,0,0,0,0,1,1,1,1,0,0,1,1,0,0,0,1,0,0,0,1,0,1,1,1
1,1,1,0,1,1,1,0,0,1,1,1,0,0,0,0,1,1,0,1,0,1,0,0,0,1,0,0,1,0
1,1,1,1,1,1,0,1,0,1,1,0,0,0,0,0,1,1,0,1,0,1,0,0,0,1,0,1,1,0
0,1,1,0,1,1,0,0,0,1,1,0,1,1,0,0,1,0,0,1,0,1,0,0,0,1,0,0,1,1
0,0,1,1,1,1,0,0,0,0,1,0,0,0,0,0,1,1,0,1,0,1,0,0,0,1,0,1,1,0
0,1,1,0,1,1,0,0,0,1,1,0,1,0,0,0,1,1,0,0,1,1,0,0,0,1,0,1,1,0
0,1,1,1,1,1,1,0,0,1,1,1,0,0,0,0,1,1,0,1,1,1,0,0,0,1,0,0,1,0
1,1,1,1,1,1,0,0,0,1,1,0,0,0,0,0,1,1,0,1,1,1,0,0,0,1,0,0,1,0
1,1,1,0,0,1,0,1,0,1,1,1,0,0,0,0,1,1,0,1,0,1,0,0,0,1,0,1,1,0
0,1,1,1,0,1,0,0,0,0,1,1,1,1,0,0,1,1,0,1,1,0,0,0,0,1,0,1,1,0
1,1,1,0,1,1,0,0,0,1,1,0,0,0,0,0,1,1,0,1,1,0,0,0,0,1,0,1,1,0
0,0,1,1,1,1,0,0,0,1,1,0,0,1,0,0,1,1,0,1,1,1,0,0,0,1,0,1,1,0
0,0,1,0,0,1,1,1,0,0,1,0,0,0,0,0,1,1,0,1,1,1,1,0,0,1,0,1,1,0
0,1,1,0,1,1,0,1,0,1,1,0,1,0,0,0,1,1,0,1,0,1,1,0,0,1,1,0,1,0
0,0,1,0,1,1,0,1,0,1,1,1,1,0,0,0,1,1,0,1,1,1,0,0,0,1,0,1,1,0
1,1,1,0,1,1,0,0,0,1,1,0,1,1,0,0,1,1,0,1,0,1,1,0,0,1,0,0,1,0
0,0,1,0,1,1,1,1,0,0,1,0,0,0,0,0,1,1,0,1,0,0,0,0,0,1,0,1,1,0
1,1,1,0,1,1,0,1,0,1,1,0,0,0,0,0,1,1,0,1,0,0,1,0,0,1,0,1,1,0
0,1,1,0,1,1,0,0,1,1,1,0,0,0,0,0,1,1,1,1,1,1,1,0,0,1,0,1,1,0
0,0,1,0,1,1,0,1,0,1,1,0,1,0,0,0,1,1,0,1,0,1,0,0,0,1,0,1,1,0
1,0,1,0,1,1,1,0,0,1,1,0,0,0,0,0,1,1,0,1,0,1,0,0,0,1,0,0,1,0
0,1,1,0,1,1,0,1,0,1,1,0,1,1,0,0,1,1,0,1,1,1,1,0,0,1,0,0,1,0
0,1,1,0,0,1,0,1,0,1,1,0,0,0,0,0,1,1,0,1,0,1,0,0,0,1,0,1,1,0
1,0,1,0,0,1,1,0,0,1,1,0,1,1,0,0,1,1,0,1,0,1,1,0,0,1,0,1,1,1
0,0,1,0,1,1,0,0,0,1,1,0,1,1,0,0,1,1,0,1,0,1,0,0,0,1,0,0,0,1
0,1,1,1,0,1,0,1,0,1,1,0,1,0,0,0,1,1,0,1,1,0,0,0,0,1,0,0,1,0
0,1,1,0,0,1,0,0,0,1,1,0,1,1,0,0,1,1,0,1,1,1,1,0,0,1,0,0,1,0
1,1,1,0,1,1,0,0,0,0,1,1,0,1,0,0,1,1,0,1,0,1,0,0,0,1,0,1,1,0
1,1,1,1,0,1,0,0,0,1,1,1,0,0,0,0,1,1,0,1,1,1,0,0,0,1,0,1,1,0
0,1,1,0,0,1,0,0,0,1,1,0,1,1,0,0,1,1,0,1,0,1,0,0,0,1,0,1,1,0
0,0,1,0,1,1,1,0,0,1,1,0,0,0,0,0,1,1,0,1,0,1,0,0,0,1,0,1,1,0
1,1,1,1,1,1,1,0,0,1,1,0,1,0,0,0,1,1,0,1,0,1,1,0,0,1,0,1,0,0
0,0,1,0,0,1,1,0,0,1,1,0,1,0,0,0,1,1,1,1,1,1,0,0,0,1,0,1,0,0
0,1,1,0,1,1,0,0,0,1,1,0,0,1,0,0,1,0,0,1,0,1,0,0,0,1,0,1,1,0
1,1,1,1,1,1,0,0,0,0,0,0,0,0,0,1,1,1,0,1,0,1,0,0,0,1,0,1,0,0
1,1,1,1,1,1,0,0,0,1,0,0,0,1,0,1,1,1,1,0,0,1,0,0,0,1,1,1,0,0
0,1,1,1,0,0,0,0,0,0,0,1,1,1,0,1,1,1,0,1,0,1,0,0,0,1,0,1,1,0
0,1,1,1,1,1,1,0,0,1,0,0,0,0,1,1,1,0,1,1,0,0,0,0,0,1,0,1,0,0
0,1,1,0,0,1,0,0,0,1,0,0,0,1,0,1,1,0,0,0,0,1,0,0,0,1,0,1,1,0
0,1,1,0,1,1,1,1,0,0,0,0,1,1,1,1,1,1,0,1,0,0,1,0,0,1,0,1,1,0
1,0,1,0,1,1,0,0,0,1,0,0,1,1,0,1,1,1,0,1,1,1,0,0,0,1,1,1,0,0
0,0,1,1,0,1,0,1,0,0,0,0,0,0,0,1,1,0,0,1,0,0,1,0,0,1,0,1,0,0
1,0,1,0,0,1,0,0,0,0,0,0,0,0,0,1,1,1,1,1,0,1,1,0,0,1,0,1,1,0
1,1,1,1,1,1,0,0,0,1,0,0,0,0,0,1,1,1,0,1,0,1,0,0,0,1,0,0,0,0
0,1,1,0,0,1,0,0,0,0,0,0,0,0,0,1,1,1,0,1,0,1,0,0,0,1,0,1,1,0
0,0,1,1,1,1,1,0,0,1,0,0,0,0,1,1,1,1,0,1,0,1,0,0,0,1,0,1,1,0
1,0,1,0,0,1,1,1,0,0,0,0,0,0,0,1,1,1,0,1,0,1,1,0,0,1,0,1,0,0
0,1,1,1,1,1,1,0,0,0,0,0,0,0,0,1,1,1,1,0,1,1,0,0,0,1,0,1,1,0
1,1,1,0,1,1,1,1,0,1,0,0,0,0,0,1,1,1,0,1,1,0,0,0,0,1,0,1,0,0
1,1,1,0,1,1,0,0,0,0,0,0,0,1,0,1,1,1,1,1,0,0,0,0,0,1,0,1,0,0
0,0,1,0,0,1,0,1,0,0,0,0,0,1,1,1,1,1,1,1,1,0,0,0,0,1,0,1,1,0
0,1,1,0,1,1,0,1,0,1,0,0,0,0,0,1,1,0,0,1,1,0,0,0,0,1,0,0,1,0
1,1,1,0,1,1,1,0,0,0,0,0,0,0,0,1,1,1,1,1,1,1,0,0,0,1,0,1,1,0
1,0,1,0,0,0,0,0,0,1,0,0,0,1,0,1,1,1,0,1,0,0,0,0,0,0,0,1,1,0
0,0,1,0,1,1,0,1,0,1,0,0,0,1,0,1,1,1,0,1,0,0,0,0,0,1,0,1,0,0
1,1,1,1,0,1,0,1,0,1,0,1,0,1,0,1,1,1,0,1,0,1,0,0,0,1,0,1,1,0
0,1,1,0,1,1,0,1,0,1,0,0,0,1,0,1,1,1,0,1,1,1,1,0,0,1,0,0,1,1
1,1,1,0,1,1,0,0,0,1,0,0,0,1,0,1,1,0,0,1,0,0,1,0,0,0,0,0,0,0
0,0,1,0,1,1,0,0,0,0,0,0,1,1,0,1,1,1,0,1,1,1,1,0,0,0,0,1,1,0
1,1,1,0,0,1,1,0,0,0,0,0,0,1,0,1,1,1,0,1,0,1,0,0,0,1,0,1,1,0
1,1,1,0,0,1,0,0,1,1,0,0,0,1,0,1,1,1,1,1,1,1,0,0,0,1,0,1,1,1
1,0,1,1,0,1,0,0,0,1,0,0,0,0,0,1,1,0,0,1,1,0,1,0,0,1,0,1,1,0
1,1,1,1,0,1,0,0,0,1,0,0,0,1,0,1,1,1,0,0,1,1,1,0,0,1,0,1,0,0
0,0,1,0,0,1,0,1,0,1,0,1,0,0,0,1,1,1,0,0,0,0,0,0,0,1,0,1,1,0
1,1,1,1,1,1,1,1,0,0,0,0,0,1,0,1,1,1,0,1,0,0,1,0,0,0,0,1,0,0
1,0,1,0,0,1,0,1,0,0,0,0,0,0,0,0,1,1,0,1,1,1,0,0,0,1,0,1,1,1
0,0,1,1,1,1,0,0,0,1,0,0,0,1,0,1,1,1,1,1,1,1,1,0,0,1,0,1,1,0
1,0,1,0,0,1,1,0,0,1,0,0,0,1,0,1,1,1,1,1,0,1,1,0,0,1,0,1,1,1
1,0,1,0,0,1,1,0,0,0,0,0,0,1,0,1,1,1,0,1,0,0,1,0,0,1,0,1,0,1
1,0,1,1,0,1,1,0,0,1,0,0,1,1,0,1,1,0,0,1,0,1,0,0,0,0,1,1,1,0
1,0,1,0,1,1,0,0,0,0,0,0,0,0,0,1,1,1,1,1,0,1,0,0,0,1,0,1,1,0
0,1,1,0,0,1,0,0,0,0,0,0,0,1,0,1,1,0,0,1,0,1,0,0,0,1,0,1,1,0
0,1,1,1,1,1,0,0,0,0,0,0,0,0,0,1,1,1,0,1,1,0,0,0,0,0,0,1,1,1
1,0,1,1,1,1,1,0,0,1,0,0,0,0,0,1,1,1,0,1,0,0,0,0,0,1,0,1,1,0
1,0,1,0,0,1,1,0,1,0,0,0,0,1,0,1,1,1,0,0,0,1,0,0,0,1,0,1,1,0
0,1,1,0,0,1,1,1,0,0,0,1,0,1,0,1,1,1,0,1,1,1,0,0,0,0,1,1,0,1
0,1,1,0,1,1,0,0,0,0,0,0,0,1,0,1,1,1,0,1,0,1,1,0,0,1,0,1,0,1
0,1,1,0,1,1,1,1,0,1,0,0,0,1,0,1,1,1,1,1,1,1,0,0,0,1,0,1,0,1
0,0,1,0,0,1,1,1,0,0,0,0,0,0,0,1,1,1,0,1,1,1,0,0,0,1,0,1,1,0
1,0,1,1,1,1,0,0,0,0,0,0,1,1,0,1,1,1,0,1,0,1,0,0,0,1,0,1,0,0
1,1,1,1,1,1,1,1,0,1,0,1,0,0,0,1,1,1,0,1,0,1,0,0,0,1,0,1,0,0
0,1,1,0,0,1,1,0,0,1,0,0,0,0,0,1,1,1,0,0,0,1,1,0,0,1,0,1,0,0
1,1,1,1,0,1,0,0,0,0,0,0,0,0,0,1,1,1,0,1,0,1,0,0,0,1,0,1,1,0
0,0,1,0,1,1,1,1,0,1,0,0,0,1,0,1,1,1,0,1,0,1,0,0,0,0,0,1,1,0
0,0,1,1,1,1,0,0,0,1,0,0,0,1,1,1,1,1,1,1,0,1,0,0,0,1,0,1,0,0
1,0,1,0,1,1,0,0,0,1,0,0,0,0,0,1,0,1,0,0,1,1,0,0,0,1,0,1,1,0
1,1,1,1,0,1,0,0,0,1,0,0,0,1,0,1,1,1,1,0,1,1,1,0,0,1,0,1,1,1
1,1,1,1,0,1,0,1,0,1,0,1,0,0,0,1,1,1,1,1,1,1,0,0,0,0,0,1,1,0
1,1,1,0,1,1,0,1,0,0,0,0,0,1,0,1,1,1,0,1,0,1,0,0,0,0,1,1,0,0
0,1,1,0,1,1,1,0,0,1,0,1,0,1,0,1,1,0,0,0,1,0,1,0,0,1,0,1,0,0
1,1,1,1,1,1,0,0,0,1,0,0,0,1,0,1,1,1,1,1,0,1,0,0,0,1,0,1,0,0
1,1,1,0,1,1,0,0,0,1,0,0,0,0,0,1,1,1,1,1,0,0,1,0,0,1,0,1,1,0
1,0,1,0,0,1,0,0,0,0,0,0,0,0,0,1,1,1,0,1,0,1,0,0,0,1,0,1,0,1
1,1,1,1,1,1,1,1,0,1,0,0,0,1,0,1,1,1,0,1,0,1,0,0,0,1,0,1,0,0
1,0,1,0,1,1,0,1,0,1,0,0,0,1,0,1,1,1,0,1,0,0,0,0,0,1,0,1,1,0
1,1,1,0,0,1,0,1,0,1,0,0,0,0,0,1,1,0,0,1,0,1,0,0,0,1,0,1,0,0
1,1,1,0,1,1,1,0,0,1,0,0,1,1,0,1,1,1,0,1,0,1,1,0,0,1,0,1,0,0
1,1,1,0,1,1,1,0,0,0,0,1,1,0,0,1,1,1,0,1,1,1,0,0,0,1,0,1,1,0
1,0,1,1,1,1,1,0,0,1,0,0,0,1,0,1,1,0,0,1,0,0,0,0,0,1,0,1,1,0
0,1,1,1,0,1,1,1,0,1,0,1,1,1,1,1,1,1,0,1,0,0,1,0,0,0,0,0,1,0
1,1,1,0,1,1,1,0,0,1,0,0,0,1,0,1,1,1,0,1,0,0,0,0,0,1,0,1,1,0
1,0,1,1,0,1,1,1,0,1,0,0,0,1,0,1,1,1,0,1,0,1,0,0,0,1,0,1,0,0
0,1,1,1,0,1,1,0,0,0,0,0,0,0,0,1,1,1,1,1,0,1,1,0,0,1,0,0,0,0
1,1,1,0,1,1,0,0,0,0,0,0,0,0,0,1,1,1,0,1,0,1,0,0,0,1,0,1,1,0
0,1,1,0,0,1,0,0,0,1,0,0,0,0,0,1,1,1,0,1,0,1,0,0,0,0,1,1,0,0
1,0,1,0,1,1,0,0,0,1,0,0,0,1,0,1,1,1,0,1,0,0,0,0,0,1,0,1,0,0
1,0,1,0,1,1,0,0,0,1,0,0,0,0,0,1,1,0,0,1,0,0,0,0,0,1,1,0,0,0
0,1,1,1,1,1,0,0,0,1,0,1,0,1,0,1,1,1,0,1,0,1,1,0,0,1,0,1,0,0
1,1,1,1,1,1,0,1,0,0,0,1,0,0,0,1,1,1,0,1,0,0,0,0,0,1,0,1,1,0
0,0,1,1,0,1,0,1,0,0,0,1,0,1,0,1,1,1,0,1,1,1,1,0,0,0,1,1,1,0
0,1,1,1,1,0,0,0,0,1,0,0,0,0,0,1,1,1,1,1,0,1,0,0,0,1,0,1,1,0
1,1,1,0,1,1,1,0,0,0,0,1,0,1,0,1,1,1,0,1,0,0,1,0,0,1,1,0,1,1
0,1,1,0,1,1,0,0,0,0,0,0,0,0,0,1,1,1,0,1,0,0,0,0,0,1,1,1,0,0
0,1,1,0,1,1,0,1,0,0,0,1,0,0,0,1,1,1,0,1,0,0,0,0,0,1,0,1,0,0
1,1,1,1,0,1,0,0,0,1,0,1,0,0,0,1,1,1,0,1,0,1,0,0,0,1,1,1,1,0
1,1,1,0,1,1,0,0,0,0,0,0,0,0,0,1,1,1,1,1,0,0,0,0,0,1,0,1,1,0
0,1,1,0,1,1,0,0,0,1,0,0,0,0,0,1,1,1,0,1,0,1,1,0,0,1,0,1,1,0
1,1,1,1,1,1,0,0,0,1,0,1,0,0,0,1,1,1,0,1,0,1,0,0,0,1,0,1,0,0
0,1,1,0,0,1,0,0,0,1,0,1,0,0,1,1,1,1,0,0,0,1,0,0,0,0,0,1,1,0
1,1,1,1,0,1,0,0,0,0,0,0,0,0,0,1,1,1,0,0,0,1,1,0,0,1,0,1,0,0
1,1,1,0,0,1,0,0,0,1,0,1,0,0,0,1,1,1,0,1,0,1,0,0,0,1,0,1,0,0
0,0,1,1,1,1,0,0,0,0,0,0,0,0,0,1,1,1,0,1,0,1,0,0,0,1,0,1,1,0
1,1,1,1,1,1,0,1,0,1,0,0,0,1,0,1,1,1,0,1,0,0,0,0,0,1,0,1,1,0
0,0,1,0,0,1,0,0,0,0,0,0,0,0,0,1,1,1,0,1,0,1,0,0,0,0,0,1,1,0
1,0,1,1,1,1,0,0,0,1,0,0,0,0,0,1,1,1,1,1,1,1,0,0,0,1,1,1,1,1
0,1,1,1,1,1,1,0,0,1,0,0,0,0,0,1,1,1,0,1,0,1,0,0,0,1,0,1,1,0
1,1,1,0,1,1,1,0,0,1,0,1,0,0,0,1,1,1,0,1,0,1,1,0,0,1,0,1,1,0
0,0,1,0,1,1,0,0,0,0,0,0,0,0,0,1,1,1,0,0,1,1,1,0,0,1,0,0,1,0
1,1,1,0,0,1,1,0,0,0,0,0,1,0,0,1,1,1,0,0,1,0,1,0,0,1,0,1,0,1
1,0,1,0,1,1,0,0,0,1,0,0,0,0,0,1,1,0,0,1,0,1,0,0,0,1,0,1,0,0
1,0,1,1,0,1,1,1,0,1,0,0,0,0,0,1,1,1,0,1,1,1,1,0,0,1,0,1,0,0
0,0,1,1,0,0,0,1,0,1,0,0,0,0,0,1,1,1,1,1,1,1,0,0,0,1,1,1,0,0
1,1,1,0,0,1,0,0,0,1,0,0,0,0,0,1,1,1,0,1,0,1,0,0,0,1,1,1,0,1
1,1,1,1,0,1,0,0,0,1,0,0,0,0,0,1,1,1,1,1,1,1,0,0,0,1,0,1,1,0
1,1,1,1,0,1,0,0,1,1,0,0,0,1,0,1,1,1,0,1,0,1,1,0,0,1,0,1,1,1
1,0,1,0,1,0,0,0,1,1,0,1,0,1,0,1,1,1,1,1,1,0,0,0,0,1,0,1,1,1
0,0,1,0,1,1,1,0,0,1,0,0,0,1,0,1,1,1,0,1,0,0,0,0,0,1,0,1,1,0
1,1,1,0,1,0,0,0,0,1,0,0,1,1,0,1,1,1,0,1,0,0,1,0,0,1,0,1,1,0
1,0,1,1,1,1,1,0,0,0,0,0,0,1,0,1,1,1,0,1,0,0,1,0,0,1,0,1,1,0
1,1,1,1,0,1,0,0,0,0,1,1,0,1,0,1,1,1,0,0,1,1,1,0,0,1,0,1,0,0
1,1,1,0,1,1,0,0,0,1,0,1,0,0,0,1,1,1,0,1,0,1,1,0,0,1,0,1,0,0
0,0,1,0,1,1,1,0,0,0,0,1,0,0,1,1,1,1,0,1,1,1,0,0,0,1,0,1,1,0
1,1,1,0,0,1,0,0,0,1,0,0,0,1,0,1,1,0,0,1,0,0,1,0,0,1,0,1,1,0
1,1,1,0,1,1,0,0,0,0,0,1,0,0,0,1,1,1,0,1,0,1,0,0,0,1,0,0,1,0
1,1,1,0,1,1,0,0,0,0,0,0,0,1,0,1,1,1,0,1,0,0,0,0,0,1,0,0,1,0
1,0,1,0,1,1,1,0,0,1,0,0,0,0,0,1,1,1,0,1,0,1,0,0,0,1,0,1,1,0
1,1,1,0,1,1,0,0,1,1,0,1,0,0,0,1,1,1,0,1,1,1,0,0,0,1,0,1,0,0
1,0,1,0,1,1,0,0,0,0,0,0,0,1,1,1,1,1,0,1,0,1,1,0,0,1,0,1,0,0
1,1,1,0,1,1,0,0,0,1,0,0,0,0,0,1,1,1,0,1,0,1,1,0,0,1,1,1,1,0
1,1,1,0,1,1,0,0,0,0,0,1,0,1,0,1,1,1,0,1,0,1,1,0,0,1,0,1,1,0
1,1,1,0,1,1,1,1,0,1,0,1,1,1,0,1,1,1,0,0,0,1,0,0,0,1,0,1,1,0
0,1,1,1,1,1,0,0,0,0,1,0,0,0,0,1,1,1,0,1,1,1,0,0,0,1,0,1,1,0
1,0,1,0,1,1,0,0,0,0,0,0,1,1,0,1,1,1,0,1,1,1,0,0,0,1,0,1,1,1
1,0,1,1,1,1,1,0,0,1,1,1,0,0,0,1,1,1,0,1,0,1,1,0,0,1,0,0,0,1
1,1,1,1,1,1,1,0,0,0,0,0,0,1,1,1,1,1,0,0,0,1,0,0,0,1,0,1,1,0
0,1,1,1,1,1,0,1,0,1,0,0,0,0,0,1,1,1,0,1,0,0,1,0,0,1,0,1,1,0
1,1,1,1,1,1,0,0,0,0,1,0,1,1,0,1,1,1,0,1,0,0,0,0,0,1,1,0,0,0
1,0,1,1,1,1,0,0,0,0,1,1,0,0,0,1,1,1,0,1,0,1,0,0,0,1,0,1,1,0
0,0,1,1,1,1,0,0,0,1,1,1,0,0,0,1,1,1,0,1,0,1,0,0,0,1,0,1,1,0
1,1,1,0,1,1,0,1,0,0,0,0,0,1,1,1,1,1,1,1,1,1,0,0,0,1,0,1,0,0
1,0,1,1,1,1,0,0,0,1,1,0,0,1,1,0,1,1,0,1,0,1,0,0,0,1,1,1,0,0
0,1,1,0,1,1,0,0,0,0,1,0,1,1,0,0,0,1,0,1,0,0,0,0,0,1,0,1,1,0
1,1,1,0,1,1,1,0,0,0,1,1,1,0,0,0,1,1,0,1,0,1,1,0,0,1,0,1,1,0
1,0,1,1,0,1,1,0,0,0,1,0,0,0,0,0,1,1,0,1,0,1,0,0,0,1,0,1,0,0
1,1,1,0,1,1,0,0,0,1,1,0,0,0,0,0,1,1,0,1,0,1,1,0,0,1,0,0,0,0
1,1,1,0,1,1,1,0,0,1,1,0,0,0,0,0,0,1,0,1,0,1,0,0,0,1,0,1,1,0
1,1,1,0,1,1,0,0,0,0,1,0,0,1,0,0,1,1,0,1,0,0,0,0,0,1,0,1,0,0
1,1,1,0,0,1,0,0,1,0,1,0,0,0,0,0,1,1,0,1,1,0,0,0,0,1,1,1,1,0
0,0,1,0,0,1,0,0,0,1,1,0,0,0,0,0,1,1,0,1,1,1,0,0,0,1,0,1,0,0
1,1,1,0,0,1,1,0,0,1,1,0,0,0,0,0,1,1,0,1,1,1,1,0,0,1,0,0,1,0
1,1,1,0,1,1,0,0,0,1,1,1,0,0,0,0,1,1,0,1,0,0,0,0,0,1,0,1,1,0
1,1,1,0,0,1,0,0,0,1,1,0,1,1,0,0,1,1,0,1,0,0,0,0,0,1,0,1,1,0
0,1,1,1,0,1,1,0,0,1,1,0,1,0,0,0,1,1,0,1,0,1,0,0,0,1,0,0,0,0
0,0,1,0,0,1,1,1,0,1,1,0,0,0,0,0,1,1,0,1,0,0,1,0,0,1,0,1,1,1
1,1,1,0,1,1,0,1,0,1,1,0,1,0,0,0,1,1,0,1,0,0,0,0,0,1,0,0,1,1
0,0,1,1,1,1,1,0,0,0,1,0,1,1,0,0,0,1,0,1,0,0,0,0,0,1,1,0,0,0
0,0,1,0,1,1,0,1,0,1,1,0,1,1,0,0,1,1,0,1,0,0,1,0,0,1,0,0,1,1
0,1,1,1,1,1,1,1,0,1,1,0,1,1,0,0,0,1,0,1,0,0,0,0,0,1,0,1,1,0
1,1,1,1,0,1,1,1,0,1,1,0,0,0,0,0,1,1,0,1,0,0,0,0,0,1,0,0,0,1
1,0,1,1,1,1,0,1,0,0,1,0,0,1,0,0,1,1,0,1,0,0,0,0,0,1,0,0,1,1
0,0,1,0,1,1,1,0,0,1,1,0,1,1,0,0,1,1,0,1,0,1,1,0,0,1,0,1,1,0
0,1,1,0,1,1,0,0,0,1,1,0,1,0,0,0,1,0,0,1,0,1,0,0,0,1,0,1,1,0
0,1,1,1,1,1,0,1,0,0,1,0,0,1,0,0,1,1,0,1,0,1,0,0,0,1,0,0,0,0
1,1,1,0,1,1,0,1,0,0,0,1,0,1,0,1,1,1,0,1,0,1,0,0,0,1,0,0,1,0
0,1,1,0,1,1,0,1,0,1,1,0,1,1,0,0,1,1,0,1,0,0,1,0,0,1,0,1,1,0
0,1,1,0,1,1,0,0,0,0,0,1,0,1,0,1,1,1,0,1,1,1,0,0,0,1,0,1,0,0
0,0,1,0,0,1,0,0,0,1,1,1,0,0,0,1,1,1,1,1,1,0,1,0,0,1,0,1,0,0
1,1,1,0,1,1,0,1,0,1,0,1,1,1,0,1,1,1,1,1,0,1,0,0,0,1,0,1,1,0
0,1,1,1,1,0,0,1,0,0,0,0,1,1,0,1,1,1,0,1,0,1,1,0,0,1,0,1,1,0
0,1,1,1,1,1,1,1,0,1,0,0,1,1,0,1,1,1,1,1,0,1,0,0,0,1,0,1,1,0
1,1,1,0,1,1,0,1,0,1,0,0,0,1,0,1,1,1,0,1,0,0,0,0,0,1,0,0,1,0
1,1,1,1,0,1,1,0,1,1,0,1,0,1,0,1,1,0,0,1,1,1,1,0,0,1,1,1,1,0
1,1,1,0,1,1,1,1,0,1,0,0,1,1,0,1,1,0,0,1,0,1,1,0,0,1,1,1,0,0
1,0,1,0,0,1,0,1,0,1,0,1,1,1,0,1,1,1,0,1,0,1,0,0,0,1,0,1,1,0
1,1,1,0,1,1,0,1,0,0,0,0,0,1,1,1,1,1,0,1,0,1,1,0,0,1,0,0,0,0
1,1,1,1,1,1,0,1,1,0,0,1,0,1,1,1,1,1,1,1,0,1,1,0,0,1,0,1,0,0
1,0,1,1,1,1,1,1,0,1,0,1,0,0,1,1,1,1,1,1,0,1,0,0,0,1,0,1,0,0
0,0,1,0,0,1,1,0,0,1,0,1,1,1,1,1,1,1,1,1,0,0,0,0,0,1,0,1,0,0
1,1,1,0,1,1,1,1,0,0,0,0,0,1,1,1,1,0,1,1,0,1,0,0,0,1,0,1,0,0
0,1,1,1,1,1,1,1,0,1,0,1,1,1,1,1,1,1,0,1,0,1,1,0,0,1,0,1,1,0
0,1,1,0,0,1,0,1,0,1,0,1,0,0,1,1,0,1,1,1,0,1,1,0,0,1,0,1,1,1
0,1,1,0,1,1,0,0,0,0,0,1,1,0,1,1,1,1,0,1,0,1,0,0,0,1,0,0,1,0
0,1,1,0,1,1,0,1,1,1,0,1,0,1,1,1,1,1,0,1,0,1,0,0,0,1,0,1,0,0
1,1,1,0,1,1,0,1,0,1,0,0,0,1,1,1,1,1,0,1,0,1,0,0,0,1,0,1,0,0
0,0,1,1,0,1,0,0,0,1,0,1,0,1,1,1,1,1,0,1,0,1,0,0,0,1,0,1,1,0
1,1,1,1,1,1,1,0,0,1,0,0,0,0,1,1,1,1,0,1,0,1,0,0,0,1,0,1,1,0
0,0,1,1,1,1,0,0,0,0,0,1,0,0,0,1,1,1,0,1,0,0,0,0,0,1,1,0,0,0
1,1,1,0,0,1,0,0,0,1,0,0,0,0,1,1,1,1,0,1,0,1,0,0,0,1,0,1,1,1
1,0,1,0,1,1,0,0,1,0,0,0,0,0,0,1,1,1,0,1,0,1,0,0,0,1,1,1,0,1
1,0,1,0,0,1,0,0,0,1,0,0,1,1,1,1,1,1,0,1,0,1,1,0,0,1,1,1,0,0
0,0,1,0,0,1,0,1,0,0,0,1,0,1,1,1,1,0,0,1,0,1,0,0,0,1,1,1,1,0
0,1,1,0,0,1,0,0,0,1,0,0,0,1,1,1,1,1,0,1,0,1,1,0,0,1,0,1,1,0
0,0,1,0,1,1,0,0,0,0,0,0,1,1,0,1,1,1,1,1,0,0,1,0,0,1,0,1,1,0
0,1,1,0,0,1,0,1,1,1,0,0,0,1,1,1,1,1,1,1,0,1,1,0,0,1,0,1,0,0
0,0,1,0,0,0,0,0,1,0,0,0,1,1,1,1,1,1,0,1,0,0,1,0,0,1,0,1,1,0
0,1,1,1,1,1,1,1,0,0,0,1,0,1,0,1,1,1,1,1,0,0,0,0,0,1,0,1,1,0
1,1,1,0,1,0,0,0,0,0,0,0,0,0,1,1,1,1,0,1,0,1,0,0,0,1,0,0,1,1
0,0,1,0,1,1,0,0,0,1,0,0,0,1,1,1,1,1,0,1,0,0,0,0,0,1,0,0,0,0
1,0,1,0,1,1,1,0,0,0,0,1,0,0,1,1,1,1,0,1,0,0,1,0,0,1,0,0,1,0
1,0,1,1,1,1,0,0,0,0,0,0,1,1,1,1,1,1,0,1,0,1,0,0,0,1,0,1,0,0
0,0,1,0,1,1,0,0,0,1,0,0,0,0,0,1,1,1,0,0,1,0,0,0,0,1,0,1,0,0
1,1,1,0,0,0,0,1,0,0,0,0,1,1,1,1,1,1,0,1,0,1,0,0,0,1,0,1,1,0
1,0,1,1,1,1,0,1,0,0,0,1,1,1,1,1,1,1,0,1,1,1,1,0,0,1,0,1,1,0
1,0,1,1,0,1,0,0,0,1,0,0,0,1,0,1,1,0,1,1,1,0,1,0,0,1,0,1,1,0
1,0,1,0,1,0,1,0,0,0,0,0,0,1,1,1,1,1,0,1,0,1,0,0,0,1,0,0,1,0
1,1,1,0,1,1,0,1,0,1,0,0,0,0,1,1,1,1,0,1,0,1,1,0,0,1,0,0,1,0
1,1,1,0,1,1,0,0,0,0,0,0,0,0,1,1,1,0,0,1,0,1,0,0,0,1,0,1,0,0
1,1,1,0,1,1,0,1,1,1,0,0,0,1,1,1,1,1,1,1,0,1,0,0,0,1,0,1,1,0
1,1,1,1,1,1,0,1,0,1,0,1,0,0,1,1,1,1,0,1,0,1,1,0,0,1,0,1,0,0
0,0,1,0,0,1,0,0,0,1,0,1,0,0,0,1,1,1,1,1,0,1,0,0,0,1,0,0,1,1
1,1,1,0,1,1,0,1,1,1,0,1,0,0,1,1,1,1,0,0,1,1,0,0,0,1,0,1,1,0
0,1,1,0,1,1,1,1,0,0,0,0,1,0,1,1,1,0,1,1,0,1,0,0,0,1,0,0,1,0
0,1,1,1,1,1,0,1,0,1,0,1,0,1,1,1,1,1,0,1,0,1,0,0,0,1,0,1,0,0
1,1,1,0,1,1,1,1,0,0,0,0,0,1,1,1,1,1,1,1,0,0,1,0,0,1,0,1,1,0
0,1,1,1,1,1,0,1,0,1,0,0,0,0,1,1,1,1,1,1,0,1,0,0,0,1,0,1,0,0
1,1,1,0,1,1,0,0,0,1,0,0,0,1,1,1,1,1,0,0,0,1,0,0,0,1,0,1,1,0
1,1,1,0,1,1,1,1,0,1,0,0,0,0,0,1,1,1,0,1,0,1,0,0,0,1,0,1,1,0
1,1,1,1,1,1,1,1,0,0,0,0,0,0,1,1,1,1,0,1,0,0,0,0,0,1,0,1,1,0
1,0,1,0,1,1,0,1,0,1,0,0,0,0,1,1,1,1,0,1,0,1,0,0,0,1,0,1,0,1
1,1,1,0,0,1,0,1,0,1,0,1,0,0,0,1,1,1,0,1,0,1,0,0,0,1,0,1,1,0
1,0,1,0,1,1,0,1,0,0,0,0,0,1,0,1,1,1,1,1,0,1,0,0,0,1,0,1,1,0
0,0,1,0,1,1,0,0,0,0,0,0,0,0,0,1,1,1,0,1,0,1,1,0,0,1,0,1,0,1
1,0,1,0,0,0,0,1,0,1,0,1,0,0,1,1,1,1,0,1,0,0,0,0,0,1,0,1,0,1
1,0,1,1,1,1,0,1,0,1,0,0,0,1,0,1,1,1,0,1,0,1,1,0,0,1,0,0,1,0
1,0,1,1,0,1,0,1,0,1,0,0,0,1,0,1,1,1,0,1,0,1,0,0,0,1,0,1,1,0
1,1,1,1,1,0,0,1,0,0,1,0,0,0,0,1,1,1,0,1,0,1,0,0,0,1,1,1,1,1
0,1,1,1,1,1,1,1,0,0,0,0,1,1,0,1,1,1,0,1,0,1,1,0,0,1,1,1,1,1
1,1,1,0,1,1,0,1,0,0,0,0,0,1,1,1,1,0,1,1,0,1,0,0,0,1,1,1,1,0
0,1,1,1,1,1,1,1,0,0,0,0,0,1,1,1,1,1,0,1,0,1,0,0,0,1,1,0,0,0
1,1,1,0,1,1,1,1,0,0,0,1,0,0,0,1,1,1,1,0,0,1,0,0,0,1,0,1,1,0
0,0,1,1,1,1,0,1,0,0,0,0,0,1,0,1,1,1,1,1,0,1,0,0,0,1,0,1,1,0
1,0,1,0,0,1,1,1,0,0,0,0,0,1,0,1,1,1,0,1,0,1,0,0,0,1,0,1,1,0
0,1,1,1,0,1,0,1,0,0,0,0,0,0,0,0,1,1,0,1,1,0,0,0,0,1,0,1,0,0
0,1,1,1,0,1,0,1,1,0,0,1,0,0,0,1,1,1,0,0,0,1,1,0,0,1,0,1,0,0
1,0,1,0,0,1,0,0,0,1,0,0,0,0,0,1,1,1,0,1,0,1,0,0,0,1,0,1,1,0
0,0,1,1,1,1,0,1,0,1,0,0,0,0,0,1,1,1,0,0,0,1,0,0,0,1,0,1,0,0
1,0,1,1,1,1,0,1,0,0,0,1,0,1,1,1,1,1,1,1,1,1,0,0,0,1,0,1,1,0
0,0,1,1,1,1,0,1,1,1,0,0,0,0,0,1,1,1,0,1,0,1,0,0,0,1,0,1,0,0
1,0,1,0,0,1,0,0,0,0,0,0,0,1,0,1,1,1,0,0,0,1,0,0,0,1,0,1,1,1
1,0,1,1,0,1,1,0,1,1,0,0,1,1,0,1,1,1,0,1,0,1,1,0,0,1,0,1,1,0
0,0,1,0,1,0,1,0,0,1,0,1,0,0,0,1,1,1,0,1,0,1,1,0,0,1,0,1,1,0
1,0,1,0,1,1,0,0,1,1,0,1,0,0,0,1,1,1,0,1,0,1,1,0,0,1,0,1,1,0
0,1,1,1,0,1,1,0,0,0,0,1,0,0,0,1,1,1,0,1,0,0,0,0,0,1,0,1,1,0
0,0,1,0,0,1,0,0,1,1,0,1,0,0,0,1,1,1,0,1,0,1,0,0,0,1,0,1,1,0
0,0,1,1,0,1,1,1,0,0,0,1,0,0,0,1,1,1,0,1,0,1,0,0,0,1,0,1,1,0
0,0,1,1,1,1,0,0,1,1,0,1,1,1,1,1,1,1,0,1,0,1,0,0,0,1,0,1,0,0
1,1,1,0,0,1,1,0,0,0,0,1,0,1,0,1,1,1,0,1,0,1,0,0,0,1,0,1,1,0
0,0,0,1,1,1,1,0,1,1,0,1,0,0,0,1,1,1,1,1,1,1,1,0,0,1,0,1,0,0
1,0,1,1,0,1,1,0,1,1,0,1,0,0,1,1,1,1,0,1,0,1,1,0,0,1,0,1,1,0
1,1,1,1,1,1,0,0,1,1,0,1,0,0,1,1,1,1,1,1,1,1,1,0,0,1,0,0,0,0
1,1,1,0,1,1,1,0,0,1,0,1,0,0,0,1,1,1,0,1,0,0,1,0,0,1,0,1,0,0
1,0,1,1,0,1,1,1,0,1,0,1,0,0,0,1,1,1,0,1,0,1,1,0,0,1,0,0,1,1
1,0,1,1,1,1,0,1,0,1,1,0,0,1,0,1,1,1,1,0,1,1,1,0,0,1,0,0,1,0
1,0,1,1,0,1,0,0,0,1,0,1,1,1,0,1,1,1,0,1,1,1,1,0,0,1,0,1,0,0
1,0,1,1,1,1,0,0,1,0,0,1,0,0,1,1,1,1,0,1,0,1,0,0,0,1,1,0,1,0
1,1,1,0,1,0,0,1,0,1,0,0,0,1,0,1,1,1,0,1,0,1,1,0,0,1,1,1,0,0
1,1,1,0,0,1,0,1,1,0,0,1,0,0,0,1,1,1,0,0,0,0,0,0,0,1,1,1,0,0
1,1,1,0,0,1,0,1,0,1,1,0,0,1,0,1,1,1,0,1,0,0,0,0,0,1,0,1,0,0
0,1,1,0,1,0,0,1,0,1,0,1,0,0,0,1,1,1,0,1,0,1,0,0,0,1,1,1,0,0
1,1,1,0,0,1,0,1,0,0,0,1,0,0,0,1,1,1,0,1,0,1,1,0,0,1,0,1,1,0
1,1,1,0,1,1,0,0,0,1,0,1,0,1,0,1,1,1,0,1,1,1,0,0,0,1,0,1,0,0
1,0,1,0,1,1,0,0,0,1,0,1,0,0,0,1,1,1,0,1,1,0,1,0,0,1,0,1,0,0
1,1,1,1,1,1,0,0,1,0,0,1,1,1,0,1,1,1,1,1,1,1,1,0,0,1,1,1,0,0
1,0,1,0,1,1,1,0,0,1,0,0,0,0,0,1,1,1,0,1,0,0,1,0,0,1,0,1,1,0
0,0,1,0,1,1,1,1,0,1,0,1,0,1,0,1,1,1,1,1,1,0,1,0,0,1,1,1,0,0
0,0,1,0,0,1,0,0,0,0,0,1,1,1,0,1,1,1,1,0,0,0,0,0,0,1,1,1,0,0
0,0,1,0,0,0,0,0,0,1,0,0,1,1,0,1,1,1,0,0,0,1,1,0,0,1,0,1,0,0
0,1,1,0,0,1,0,0,0,1,0,0,0,0,0,1,1,1,0,0,0,1,1,0,0,1,0,1,0,0
0,1,1,1,1,1,0,1,0,1,0,1,1,1,0,1,1,1,0,1,0,1,1,0,0,1,0,1,0,0
1,1,1,1,0,1,1,1,0,0,0,1,0,0,0,1,1,1,0,1,1,1,0,0,0,1,0,1,0,0
0,1,1,1,0,0,0,0,0,0,0,1,0,0,0,1,1,1,1,1,1,1,0,0,0,1,0,1,1,0
1,0,1,0,0,1,0,0,0,1,0,1,0,0,1,1,1,1,1,1,0,1,1,0,0,1,1,1,0,0
0,1,1,1,0,1,0,1,0,1,0,0,0,1,0,1,1,1,0,1,0,0,1,0,0,1,1,0,1,0
0,1,1,1,1,1,0,0,0,1,0,1,0,0,1,1,1,1,1,1,0,1,0,0,0,1,0,0,1,0
1,1,1,0,0,1,0,1,0,1,0,1,1,1,1,1,1,1,0,1,0,1,1,0,0,1,0,0,1,1
0,0,1,0,0,1,0,0,0,1,0,1,1,1,0,1,1,1,1,1,1,1,1,0,0,1,1,0,0,0
1,1,1,0,1,1,0,1,0,0,0,1,0,0,0,1,1,1,1,1,1,1,0,0,0,1,0,0,1,0
1,1,1,1,1,1,0,1,0,1,0,0,0,1,0,1,1,1,0,1,0,0,1,0,0,1,0,1,0,0
1,1,1,0,1,1,0,1,0,0,0,1,0,0,0,1,1,1,1,1,1,1,1,0,0,1,1,1,0,0
1,1,1,0,1,1,0,1,0,1,0,0,0,1,1,1,1,1,1,1,1,1,1,0,0,1,0,1,1,0
0,1,1,1,0,1,1,1,0,0,0,1,0,1,0,1,1,1,1,1,0,0,1,0,0,1,0,1,0,0
1,0,1,0,0,1,0,1,0,1,0,0,0,1,0,1,1,1,1,1,1,1,1,0,0,1,0,1,1,1
1,0,1,0,1,1,0,1,0,1,0,1,1,1,0,1,1,1,1,1,1,1,1,0,0,1,0,0,0,0
1,1,1,0,1,1,0,0,0,1,0,0,0,0,1,1,1,1,1,1,1,1,1,0,0,1,0,1,0,0
1,1,1,0,1,1,0,0,1,0,0,1,0,0,1,1,1,1,1,1,1,1,0,0,0,1,0,1,0,0
1,1,1,0,1,1,0,1,1,1,0,0,0,1,0,1,1,1,1,1,1,1,0,0,0,1,0,1,1,0
1,0,1,0,1,1,0,1,0,1,0,0,0,0,0,1,1,1,1,1,1,1,0,0,0,1,0,0,0,0
1,0,1,0,1,1,1,0,0,1,0,0,0,0,0,1,1,1,1,1,0,0,1,0,0,1,0,0,1,0
1,0,1,1,1,1,0,1,0,1,1,0,0,0,0,1,1,1,0,0,1,0,0,0,0,1,0,1,0,1
1,1,1,1,1,1,0,0,1,1,0,0,0,1,0,1,1,1,1,1,1,1,1,0,0,1,0,1,1,0
1,1,1,1,0,1,0,0,1,0,0,0,0,1,0,1,1,1,0,1,1,1,0,0,0,1,0,1,0,0
0,1,1,1,1,1,1,0,0,1,0,0,0,1,0,1,1,1,0,1,1,0,0,0,0,1,0,1,1,0
1,1,1,0,1,1,1,0,0,1,0,0,0,0,0,1,1,1,0,1,1,0,0,0,0,1,1,1,0,0
1,0,1,1,1,1,0,0,0,0,0,1,0,1,0,1,1,1,1,0,1,0,1,0,0,1,0,1,1,0
0,1,1,1,1,1,0,1,1,0,0,0,0,0,0,1,1,1,0,1,1,1,0,0,0,1,0,1,1,0
1,0,1,0,1,1,0,1,0,0,0,0,0,1,0,0,1,1,0,1,0,0,0,0,0,1,0,1,1,1
1,0,1,0,0,1,1,1,0,1,1,0,0,0,0,0,1,1,1,1,0,0,0,0,0,1,0,0,1,0
1,0,1,1,0,1,0,0,1,0,1,0,1,0,0,0,1,1,1,1,1,1,0,0,0,1,0,1,1,0
1,1,1,1,0,1,0,1,0,1,1,0,1,0,0,0,1,1,1,1,1,1,0,0,0,1,0,1,1,0
1,0,1,0,1,1,1,1,0,1,1,0,0,0,0,0,1,1,1,1,1,1,0,0,0,1,0,1,1,0
1,1,1,0,0,1,1,1,0,1,1,0,0,0,0,0,1,1,1,1,1,1,0,0,0,1,0,1,1,0
1,0,1,0,1,1,0,1,1,1,1,0,0,0,0,0,1,1,1,1,1,0,0,0,0,1,0,1,0,0
0,0,1,1,1,1,1,1,0,0,1,0,0,0,0,0,1,1,0,1,1,1,0,0,0,1,0,1,1,0
1,0,1,0,1,1,1,0,0,1,1,0,0,0,0,0,1,1,1,1,1,1,0,0,0,1,0,0,1,0
1,1,1,1,1,0,1,1,0,1,1,0,0,0,0,0,1,0,0,1,0,1,0,0,0,1,0,1,0,0
0,0,1,1,1,1,0,0,0,1,1,0,0,0,0,0,1,1,0,1,1,1,0,0,0,1,0,1,0,0
1,0,1,0,1,1,0,1,0,1,1,0,1,1,0,0,1,1,0,1,1,1,0,0,0,1,0,1,1,0
0,0,1,0,0,1,0,0,0,1,1,0,1,1,0,0,1,1,0,1,1,1,1,0,0,1,0,0,1,0
1,1,1,1,0,1,1,1,0,1,1,0,1,1,0,0,1,1,0,1,1,1,0,0,0,1,0,1,1,0
0,1,1,1,0,1,0,1,0,1,1,0,1,0,0,0,1,1,1,1,1,1,1,0,0,1,1,0,1,0
1,0,1,0,1,0,0,1,0,1,1,0,1,0,0,0,1,1,1,1,1,1,0,0,0,1,0,1,1,0
1,0,1,0,0,1,0,1,0,0,1,0,1,1,0,0,1,1,1,1,1,1,0,0,0,1,0,1,1,0
0,0,1,1,0,1,0,1,1,1,1,0,1,0,0,0,1,1,0,1,1,0,0,0,0,1,0,0,1,0
1,1,1,0,1,1,0,1,0,1,1,0,1,1,0,0,1,1,1,1,1,1,0,0,0,1,0,1,0,0
1,0,1,0,1,1,1,1,0,0,1,0,1,0,0,0,1,1,1,1,1,1,0,0,0,1,0,0,1,0
0,1,1,1,1,1,1,1,0,0,1,0,1,0,0,0,1,1,1,1,1,1,0,0,0,1,0,1,1,0
0,1,1,1,1,1,0,0,0,1,1,0,0,0,0,0,1,1,1,1,1,0,0,0,0,1,0,1,0,0
0,0,1,0,0,1,1,1,0,0,1,0,0,0,0,0,1,0,1,1,1,0,0,0,0,1,0,1,1,0
1,1,1,0,1,1,1,0,0,1,1,0,0,0,0,0,1,1,0,1,1,0,0,0,0,1,0,1,1,0
1,1,1,0,1,1,0,1,0,1,1,0,1,1,0,0,1,1,0,1,1,1,0,0,0,1,0,1,0,1
1,1,1,0,1,1,0,1,0,1,1,0,0,0,0,0,1,1,1,1,1,1,1,0,0,1,0,0,1,0
1,0,1,1,0,0,0,0,0,0,1,0,1,1,0,0,1,1,1,1,1,1,1,0,0,1,0,1,0,0
1,0,1,1,1,1,0,1,0,1,1,0,0,0,0,0,1,1,1,1,1,1,0,0,0,1,0,1,1,1
1,1,1,0,1,1,0,1,1,0,1,0,0,0,0,0,1,1,0,1,1,1,0,0,0,1,0,1,0,0
1,1,1,1,0,1,0,0,0,0,1,0,0,0,0,0,1,1,1,1,1,1,0,0,0,1,0,0,1,0
0,0,1,1,0,1,1,0,0,0,1,0,0,0,0,0,0,1,1,1,1,1,0,0,0,1,0,1,0,0
1,0,1,0,1,1,1,0,0,1,1,0,0,0,0,0,1,0,0,1,1,0,0,0,0,1,0,1,0,0
0,0,1,0,1,0,1,0,0,1,1,0,1,1,0,0,1,1,1,1,1,1,0,0,0,1,0,1,1,1
1,0,1,0,1,0,1,0,0,0,1,0,1,0,0,0,1,0,1,1,1,1,0,0,0,1,0,1,0,0
1,0,1,0,0,1,0,1,0,1,1,0,1,1,0,0,1,1,1,1,1,1,0,0,0,1,0,1,0,0
0,1,1,0,1,1,0,1,0,0,1,0,0,0,0,0,1,1,0,1,1,0,0,0,0,1,0,1,1,0
1,0,1,0,1,1,1,0,0,0,1,0,0,1,0,0,1,1,0,1,1,0,0,0,0,1,0,0,0,0
1,1,1,0,1,1,0,0,1,0,1,1,1,1,0,0,1,1,1,1,1,1,0,0,0,1,0,1,1,1
0,0,1,1,1,1,0,1,0,0,1,1,1,1,0,0,1,1,1,1,0,0,0,0,0,1,0,1,1,1
0,0,1,1,1,1,0,0,0,1,1,0,1,1,0,0,1,1,0,0,1,1,0,0,0,1,1,1,0,1
1,0,1,0,1,1,0,0,0,0,1,0,1,0,0,0,1,1,0,1,1,0,1,0,0,1,1,1,1,0
1,0,1,0,1,1,1,1,0,0,1,1,0,0,0,0,1,1,1,1,0,1,1,0,0,1,1,1,1,0
1,1,1,1,0,0,0,0,0,0,1,0,0,0,0,0,1,0,0,1,1,1,0,0,0,1,0,1,1,1
0,0,1,1,0,1,1,1,0,1,1,0,1,0,0,0,1,1,1,1,1,1,1,0,0,1,0,1,0,0
0,1,1,0,1,0,1,0,1,1,1,0,1,1,0,0,1,1,1,1,1,0,0,0,0,1,0,1,0,0
1,0,1,0,1,1,0,0,1,1,1,1,0,1,0,0,1,1,1,1,1,0,1,0,0,1,0,1,1,0
0,1,1,1,0,1,0,0,1,0,1,0,1,1,0,0,1,1,0,1,1,1,0,0,0,1,1,1,0,0
0,1,1,1,0,1,1,0,0,0,1,1,1,1,0,0,1,1,1,1,1,0,1,0,0,1,0,1,1,0
1,0,1,0,1,1,1,0,0,0,1,0,0,0,0,0,1,1,1,1,1,1,0,0,0,1,0,0,1,0
0,0,1,0,0,1,0,1,1,0,1,0,0,0,0,0,1,1,1,1,0,1,0,0,0,1,0,1,1,0
1,1,1,0,1,0,1,0,1,0,1,1,0,0,0,0,1,1,0,1,1,1,0,0,0,1,0,1,1,0
0,1,1,1,0,1,0,0,0,1,1,1,0,0,0,0,1,1,0,1,1,1,1,0,0,1,0,0,1,1
0,1,1,1,1,0,1,0,1,0,1,0,0,0,0,0,1,1,1,1,1,0,1,0,0,1,0,1,1,0
1,0,1,0,1,0,0,0,0,1,1,0,0,1,0,0,1,1,1,1,0,0,1,0,0,1,0,0,1,0
0,1,1,1,1,1,0,1,0,0,1,0,1,0,0,0,1,1,1,1,0,0,0,0,0,1,0,1,0,0
1,0,1,0,1,1,1,1,0,1,1,1,0,0,0,0,1,1,1,1,1,0,0,0,0,1,0,0,1,0
1,1,1,1,0,1,0,0,0,1,1,0,0,0,0,0,1,1,1,1,0,1,0,0,0,1,0,0,1,0
0,0,1,0,0,1,0,1,0,1,0,0,0,1,0,1,1,1,1,1,1,1,1,0,0,1,0,1,1,1
1,1,1,0,1,1,1,1,0,0,0,1,1,1,0,1,1,1,0,1,1,1,0,0,0,1,0,1,1,0
1,1,1,1,1,1,1,0,0,0,0,1,0,0,0,1,1,1,1,1,1,1,1,0,0,1,1,1,0,0
1,1,1,0,1,1,1,1,0,0,0,0,0,1,0,1,1,1,1,1,1,1,1,0,0,1,0,1,1,1
1,0,1,1,1,1,0,0,0,0,0,1,0,0,0,1,1,1,1,1,1,0,1,0,0,1,0,1,1,0
0,0,1,1,0,1,1,1,0,1,0,0,0,0,0,1,1,1,1,1,1,0,1,0,0,1,0,1,1,0
0,1,1,0,0,1,0,1,0,0,0,1,0,0,0,1,1,1,1,1,1,0,0,0,0,1,0,1,1,0
1,0,1,0,1,1,0,0,0,0,0,1,0,0,0,1,1,1,1,1,1,1,0,0,0,1,0,1,0,0
1,1,1,1,0,0,0,0,0,0,0,1,0,0,0,1,1,1,1,1,1,0,1,0,0,1,0,0,1,1
0,1,1,0,1,1,1,0,0,1,0,0,0,1,0,1,1,1,1,1,1,0,0,0,0,1,0,1,1,0
0,1,1,1,1,1,1,0,0,0,0,0,0,1,0,1,1,1,0,1,1,0,0,0,0,1,0,1,1,1
1,1,1,0,1,1,0,1,0,0,0,1,0,1,0,1,1,1,1,1,1,0,0,0,0,1,0,1,1,0
1,1,1,0,1,1,0,0,0,1,0,1,0,0,0,1,1,1,1,1,1,1,0,0,0,1,1,1,1,1
0,0,1,1,0,1,0,0,0,1,0,0,0,0,1,1,1,1,1,1,1,1,0,0,0,1,0,0,0,1
1,0,1,1,0,1,0,1,0,0,0,1,0,1,0,1,1,1,0,1,0,0,1,0,0,1,0,1,0,0
1,1,1,1,1,1,0,0,0,1,0,1,0,0,1,1,1,1,1,1,0,1,0,0,0,1,0,1,0,1
1,1,1,1,1,1,0,0,0,0,0,1,0,0,0,1,1,0,1,1,1,1,0,0,0,1,1,0,0,1
0,1,1,0,1,1,0,0,0,1,1,0,0,0,1,1,1,1,0,1,1,1,0,0,0,1,0,0,1,0
0,1,1,1,0,0,0,1,0,1,0,1,0,1,0,1,1,1,1,1,1,0,0,0,0,1,0,0,1,0
1,1,1,0,0,1,0,1,0,1,0,1,0,1,0,1,1,1,0,1,1,1,0,0,0,1,0,1,1,0
0,1,1,0,1,1,0,0,1,1,0,0,0,1,1,1,1,0,1,1,0,1,0,0,0,1,0,1,0,0
1,1,1,0,0,0,0,0,0,0,0,0,0,0,0,1,1,1,1,1,1,1,1,0,0,1,1,0,0,0
1,1,1,1,1,1,0,0,0,0,0,1,0,0,0,1,1,1,0,1,1,0,1,0,0,1,0,1,1,1
1,1,1,0,1,1,0,0,0,1,0,0,0,1,0,1,1,1,0,1,1,1,0,0,0,1,1,0,1,1
1,0,1,0,0,1,0,0,0,0,0,1,0,0,0,1,1,1,1,1,1,1,0,0,0,1,0,0,1,1
0,0,1,0,1,1,1,0,0,1,0,1,0,0,1,1,1,1,1,1,1,1,0,0,0,1,0,1,1,1
1,1,1,1,0,1,0,0,0,1,0,0,0,1,1,1,1,1,1,0,1,1,0,0,0,1,0,1,1,1
1,1,1,1,1,1,0,0,0,1,0,1,0,1,0,1,1,1,1,0,1,1,0,0,0,1,1,0,0,0
1,1,1,0,1,1,1,1,0,0,0,1,0,0,1,1,1,0,1,1,1,1,1,0,0,1,0,1,0,1
1,1,1,1,1,1,1,0,0,1,0,0,0,0,1,1,1,1,0,0,1,1,0,0,0,1,1,1,0,1
1,1,1,0,1,1,1,0,0,0,0,1,0,0,1,1,1,1,1,1,1,0,0,0,0,1,0,1,1,0
0,1,1,1,1,1,1,1,0,0,0,1,0,0,0,1,1,1,0,0,1,1,0,0,0,1,0,0,0,1
0,0,1,0,1,1,0,1,0,0,0,0,0,1,0,1,1,1,1,1,1,1,0,0,0,1,0,1,0,1
0,1,1,1,1,1,0,0,0,1,0,0,0,0,1,1,1,1,0,1,0,1,0,0,0,1,0,1,1,1
0,1,1,1,1,1,0,0,0,1,0,1,0,1,1,1,1,1,1,0,1,1,1,0,0,1,0,1,1,0
0,1,1,1,0,1,0,0,0,1,1,1,0,0,0,1,1,1,1,0,1,0,0,0,0,1,1,1,1,0
1,1,1,1,0,0,0,1,0,1,0,1,0,0,0,1,1,1,1,1,1,1,0,0,0,1,1,1,1,0
1,1,1,1,0,1,1,0,0,1,0,0,0,1,1,1,1,1,1,1,1,1,0,0,0,1,0,1,1,0
0,1,1,1,1,1,0,0,0,0,0,1,0,1,0,1,1,1,1,1,1,1,0,0,0,1,0,0,1,0
0,0,1,0,1,1,0,1,0,1,0,1,0,1,0,1,1,1,1,1,1,0,0,0,0,1,0,1,0,0
0,0,1,0,0,1,0,0,0,0,0,1,0,1,1,1,1,1,1,1,0,1,1,0,0,1,0,1,1,0
0,0,1,1,1,1,0,0,0,1,0,1,0,1,0,1,1,1,0,1,1,1,1,0,0,1,0,1,1,0
0,0,1,1,0,1,0,0,0,0,0,1,0,0,1,1,1,1,1,1,1,0,0,0,0,1,0,1,1,0
0,0,1,1,1,1,1,1,0,1,0,1,1,1,0,1,1,1,0,1,1,1,0,0,0,1,0,0,1,1
0,1,1,1,1,1,1,1,0,1,0,1,0,1,0,1,1,1,1,1,1,0,0,0,0,1,0,0,1,1
1,1,1,1,1,1,0,0,0,1,0,1,0,1,0,1,1,1,0,1,1,1,0,0,0,1,0,0,0,0
0,0,1,1,1,1,0,1,0,0,0,0,0,1,0,1,1,1,1,1,1,1,0,0,0,1,0,1,1,1
0,0,1,0,0,1,0,0,0,0,0,1,0,0,0,1,1,1,0,1,1,1,0,0,0,1,0,1,1,1
0,1,1,1,1,1,0,0,0,0,0,0,0,1,0,1,1,1,1,1,0,1,0,0,0,1,0,1,1,1
1,0,1,0,1,1,0,1,0,1,0,1,0,0,0,1,1,1,0,1,1,1,0,0,0,1,0,0,0,0
1,1,1,0,1,1,0,1,0,1,0,1,0,0,1,1,1,1,1,1,1,1,0,0,0,1,0,1,1,0
1,0,1,1,1,1,0,0,0,0,0,1,0,0,1,1,1,1,1,1,1,1,0,0,0,1,0,0,0,0
0,0,1,1,0,1,0,1,0,0,0,1,0,1,0,1,1,1,0,1,1,1,0,0,0,1,0,1,1,0
1,1,1,0,0,1,0,0,0,1,0,0,0,0,1,1,1,1,0,1,1,1,0,0,0,1,0,1,1,0
1,0,1,0,1,0,0,0,0,1,0,0,0,1,0,1,1,1,0,1,1,1,0,0,0,1,0,1,0,0
1,0,1,0,1,1,0,0,0,0,0,1,0,1,1,1,1,1,1,1,1,0,0,0,0,1,0,1,1,1
1,0,1,0,1,1,0,0,0,1,0,0,0,0,0,1,1,1,0,1,0,1,0,0,0,1,0,1,0,0
1,1,1,0,1,1,0,0,0,1,0,1,0,0,0,1,1,1,1,1,1,1,0,0,0,1,0,1,1,0
1,1,1,0,0,1,0,0,0,1,0,0,0,0,1,1,1,1,0,1,1,1,0,0,0,1,0,1,1,0
1,0,1,1,0,1,1,0,0,1,0,1,0,1,1,1,1,1,1,1,1,1,0,0,0,1,0,0,0,0
1,0,1,1,1,1,0,1,0,1,0,0,0,0,0,1,1,1,0,1,0,1,0,0,0,1,0,1,1,1
1,0,1,0,0,1,1,0,0,0,0,0,0,0,0,1,1,0,1,1,0,1,1,0,0,1,0,1,0,0
1,0,1,0,0,1,1,0,0,1,0,1,0,1,1,1,1,1,0,1,0,1,0,0,0,1,0,0,1,1
1,0,1,1,0,1,0,0,0,0,0,1,0,0,0,1,1,1,0,1,0,1,1,0,0,1,1,0,1,0
1,0,1,0,1,1,1,1,0,1,0,0,0,1,1,1,1,1,0,1,0,1,0,0,0,1,0,1,1,0
0,1,1,0,0,1,1,0,0,1,0,0,0,1,0,1,1,1,0,1,0,1,0,0,0,1,0,1,0,0
1,0,1,0,1,1,0,0,0,1,0,0,0,1,0,1,1,1,0,1,0,0,0,0,0,1,1,0,0,0
1,0,1,0,1,1,0,0,0,1,0,1,0,0,1,1,1,1,1,0,0,1,1,0,0,1,0,1,0,0
0,0,1,0,1,1,0,0,0,1,0,0,0,0,0,1,1,1,0,1,0,1,0,0,0,1,0,0,1,0
0,1,1,0,1,1,1,0,0,1,0,1,0,0,0,1,1,1,0,1,0,1,0,0,0,1,0,1,1,1
0,0,1,0,0,1,0,1,0,0,0,1,0,1,0,1,1,1,0,1,0,1,1,0,0,1,0,1,1,0
0,0,1,1,0,1,1,1,0,1,0,1,0,1,0,1,1,1,0,0,0,0,0,0,0,1,0,1,1,0
0,0,1,0,0,1,0,1,0,1,0,1,0,0,0,1,1,0,0,1,0,0,0,0,0,1,0,1,1,0
0,1,1,1,0,0,0,1,0,1,0,0,0,0,1,1,1,1,1,1,0,1,0,0,0,1,1,1,1,0
0,1,1,1,1,1,0,0,0,1,0,0,0,0,1,1,1,1,0,1,0,1,1,0,0,1,0,0,0,0
0,0,1,1,1,1,0,1,0,0,0,1,0,0,0,1,1,1,0,1,1,1,0,0,0,1,1,1,0,0
1,1,1,1,0,1,0,0,0,0,0,1,0,1,1,1,1,1,0,1,0,1,0,0,0,1,0,1,1,0
0,1,1,1,0,0,0,1,0,0,0,1,0,1,0,1,1,1,1,1,0,1,0,0,0,1,1,1,0,1
0,0,1,1,1,1,1,1,0,1,0,1,0,1,1,1,1,1,0,1,0,1,0,0,0,1,0,1,1,0
1,1,1,0,1,0,1,1,0,0,0,1,0,1,0,1,1,1,0,1,0,0,0,0,0,1,1,1,0,0
1,0,1,0,0,1,0,1,0,0,0,1,0,0,0,1,1,1,0,1,1,1,0,0,0,1,0,1,1,0
0,1,1,1,1,1,1,1,0,0,0,0,0,0,0,1,1,1,1,1,0,0,0,0,0,1,0,1,0,0
1,1,1,0,1,1,1,0,0,1,0,1,0,1,1,1,1,1,1,1,1,0,0,0,0,1,0,1,0,0
1,1,1,1,0,1,0,1,0,0,0,1,0,0,0,1,1,1,1,1,1,1,0,0,0,1,0,1,0,1
1,1,1,1,0,1,0,1,0,0,0,0,0,1,0,1,1,1,1,1,0,1,0,0,0,1,0,1,1,0
1,0,1,0,1,1,0,1,0,1,0,1,0,1,0,1,1,1,0,1,0,1,0,0,0,1,1,1,1,0
1,1,1,0,0,1,0,1,0,0,0,0,0,1,0,1,1,1,0,1,0,0,0,0,0,0,1,0,0,0
0,1,1,0,1,1,0,0,0,1,0,1,0,1,0,1,1,1,0,1,0,1,0,0,0,1,1,1,1,1
1,1,1,0,1,1,1,0,0,1,0,1,0,0,0,1,1,1,1,1,0,1,0,0,0,1,0,1,1,0
0,0,1,0,0,1,0,0,0,0,0,1,0,1,1,1,1,1,0,1,0,1,0,0,0,1,1,0,0,0
1,1,1,1,0,1,1,1,0,1,0,1,0,0,1,1,1,1,0,1,0,0,0,0,0,1,1,1,1,0
1,1,1,1,1,1,0,1,0,0,0,1,0,1,1,1,1,1,0,1,0,1,0,0,0,1,0,1,1,0
1,0,1,0,1,1,1,1,0,1,0,1,0,1,1,0,1,1,0,1,0,1,0,0,0,1,0,0,1,1
0,1,1,1,1,1,0,0,0,0,0,0,0,0,1,1,1,1,0,1,0,1,0,0,0,1,1,1,0,1
1,0,1,0,1,0,0,0,0,1,0,1,0,0,0,1,1,1,1,1,0,0,0,0,0,1,1,1,1,0
1,0,1,0,0,1,0,1,0,1,0,1,0,0,1,1,1,1,1,1,0,0,0,0,0,1,0,1,1,0
0,0,1,0,1,0,0,1,0,1,0,1,0,1,0,1,1,1,0,1,0,1,0,0,0,1,0,1,1,0
1,0,1,0,0,1,0,1,0,1,0,0,0,0,0,1,1,1,0,1,0,1,1,0,0,0,0,1,1,0
1,0,1,1,0,1,1,1,0,0,0,0,0,1,0,1,1,1,1,1,0,1,0,0,0,1,0,1,1,1
1,1,1,1,1,1,1,0,0,1,0,0,0,1,0,1,1,0,1,1,0,1,0,0,0,1,1,0,0,0
1,1,1,1,0,1,1,0,0,1,0,0,0,0,0,1,1,0,0,1,0,0,0,0,0,1,0,0,1,1
0,1,1,1,0,1,0,1,0,1,0,1,0,1,0,1,1,1,1,1,0,1,0,0,0,1,0,1,1,1
1,1,1,0,0,1,0,1,0,1,0,1,0,1,0,1,1,1,1,1,0,0,0,0,0,1,0,1,1,0
0,1,1,0,1,1,0,0,0,0,0,1,0,1,0,1,1,1,0,0,0,0,0,0,1,1,1,1,1,0
1,1,1,0,1,1,0,1,0,1,0,1,0,1,0,1,1,1,1,1,0,0,0,0,0,1,0,1,1,0
1,1,1,1,1,1,0,0,0,0,0,1,0,0,0,1,1,1,0,1,0,1,0,0,0,1,1,1,0,1
0,0,1,0,0,1,0,1,0,1,0,0,0,0,0,1,1,1,0,1,0,0,1,0,0,1,1,1,0,1
1,0,1,0,1,1,0,1,0,0,0,0,0,0,0,1,1,1,0,1,0,1,1,0,0,1,1,1,0,0
0,0,1,0,1,1,0,1,0,0,0,0,0,0,0,1,1,0,0,1,0,1,1,0,0,1,1,1,0,0
1,1,1,1,1,1,0,0,0,0,0,1,0,1,1,1,1,1,1,1,0,0,0,0,0,1,0,0,0,1
1,1,1,0,1,1,0,0,0,1,0,1,0,1,0,1,1,1,1,1,1,1,1,0,0,1,1,1,0,0
0,0,1,0,1,1,0,0,0,0,0,0,0,0,0,1,1,1,1,1,1,1,1,0,0,1,0,0,1,0
0,1,1,0,1,1,0,0,0,1,0,0,0,0,0,1,1,1,1,1,1,1,1,0,0,1,1,1,1,0
1,1,1,0,1,1,0,0,0,1,0,0,0,0,0,1,1,1,1,1,1,0,1,0,0,1,1,1,0,0
1,0,1,0,1,1,0,0,0,0,0,0,1,1,0,1,1,1,1,1,0,1,0,0,0,1,0,1,1,0
1,1,1,1,1,1,0,0,0,0,0,0,0,0,0,1,1,1,0,1,1,0,0,0,0,1,1,1,1,0
0,1,1,1,1,1,0,0,0,0,0,1,0,0,0,1,1,1,1,1,0,1,1,0,0,1,1,1,1,0
1,1,1,1,1,1,0,0,0,1,0,1,0,1,1,1,1,1,1,1,1,1,1,0,0,1,1,1,0,0
0,1,1,1,0,1,0,1,0,1,0,0,0,1,1,1,1,1,1,1,0,1,0,0,0,1,0,1,0,0
1,1,1,1,0,1,0,0,0,1,0,1,0,1,1,1,1,1,1,1,1,1,1,0,1,1,1,1,1,0
1,1,1,1,0,1,0,0,0,1,0,0,0,0,1,1,1,1,0,1,1,1,0,0,0,1,1,1,1,0
1,1,1,0,0,1,0,0,0,1,0,1,0,1,1,1,1,1,1,1,1,0,0,0,0,0,0,1,1,0
1,1,1,1,0,1,0,1,0,0,0,0,0,1,0,1,1,1,0,1,1,0,0,0,0,1,1,1,1,0
1,1,1,1,1,1,0,0,0,0,0,0,0,0,0,1,1,1,1,1,1,0,0,0,0,0,1,1,1,1
0,0,1,1,1,1,0,1,0,1,0,1,0,1,0,1,1,1,1,1,1,0,1,0,0,1,1,1,1,1
0,1,1,0,0,1,0,1,0,0,0,0,1,1,0,1,1,1,1,1,0,1,0,0,0,1,0,1,1,0
1,1,1,0,1,1,0,1,0,0,0,1,0,1,0,1,1,1,1,1,1,1,1,0,0,1,1,1,1,1
0,1,1,1,1,1,0,0,0,0,0,1,0,0,1,1,1,1,1,0,1,1,1,0,0,1,0,1,1,0
0,1,1,0,0,1,0,0,0,0,0,1,1,1,1,1,1,1,0,1,1,1,1,0,0,1,0,1,1,0
1,1,1,0,1,1,0,0,0,0,0,0,0,1,0,1,1,1,0,1,1,0,1,0,1,1,1,1,0,0
0,0,1,0,1,1,0,0,0,0,0,0,0,0,0,1,1,1,1,1,1,0,1,0,0,1,1,1,0,1
0,1,1,0,1,1,0,1,0,1,0,1,0,0,0,1,1,1,1,1,1,1,1,0,0,1,1,1,1,0
0,0,1,1,1,1,0,1,0,0,0,0,0,0,0,1,1,1,1,1,1,1,1,0,0,1,1,1,0,0
1,1,1,0,0,1,0,0,0,0,0,1,1,1,0,1,1,1,1,1,1,0,0,0,0,1,0,0,1,0
1,0,1,1,1,1,0,1,0,1,0,0,0,1,1,0,1,1,1,1,1,1,0,0,1,1,0,0,1,0
1,1,1,1,1,1,0,0,0,1,0,0,0,1,0,1,1,0,0,1,1,0,0,0,0,1,1,1,1,1
1,1,1,0,1,1,0,0,0,1,0,0,0,1,0,0,1,1,1,1,0,1,1,0,0,1,0,1,0,0
1,1,1,1,1,1,0,1,0,1,0,1,0,0,0,1,1,1,1,1,1,1,1,0,0,1,1,1,0,1
1,1,1,0,0,1,0,1,0,1,0,1,0,0,0,1,1,1,0,1,1,1,0,0,0,1,1,1,1,0
1,1,1,0,0,1,0,0,0,1,0,1,0,1,1,1,1,1,1,1,1,0,0,0,0,1,1,1,0,0
1,0,1,0,1,1,0,1,0,1,0,0,0,0,0,1,1,1,0,1,1,1,0,0,0,1,1,1,1,0
1,1,1,0,1,1,0,1,0,1,0,1,0,0,1,1,1,1,1,1,1,0,0,0,0,1,0,1,1,0
1,1,1,0,0,1,0,0,0,0,0,1,0,1,0,1,1,1,0,1,1,1,0,0,0,1,1,1,1,1
0,1,1,0,0,1,0,0,0,0,0,1,1,0,1,1,1,1,1,1,1,0,0,0,0,1,0,1,1,0
0,1,1,1,0,1,0,0,0,1,0,0,0,0,0,1,1,1,1,1,1,1,1,0,0,1,1,1,1,1
0,1,1,0,1,1,1,1,0,0,0,1,0,1,0,1,1,1,1,0,0,1,0,0,0,1,0,1,1,0
0,0,1,1,1,1,0,0,0,0,0,1,0,0,1,1,1,1,1,1,0,1,1,0,0,1,1,1,1,0
0,1,1,1,1,1,0,1,0,0,0,0,1,1,0,1,1,1,0,1,0,1,0,0,0,0,1,1,0,0
1,1,1,0,1,1,0,0,0,1,0,0,0,0,0,1,1,0,1,1,0,1,0,0,0,1,0,1,1,1
1,1,1,1,0,1,0,1,0,1,0,1,0,0,1,1,1,0,1,1,1,1,1,0,0,1,0,1,1,0
0,0,1,0,1,1,0,1,0,0,0,0,0,1,0,1,1,1,1,1,1,0,0,0,0,1,0,1,1,1
0,1,1,0,1,1,1,0,0,1,0,1,0,0,0,1,1,1,0,1,1,1,1,0,0,1,0,1,1,0
1,1,1,0,1,1,1,0,0,0,0,1,0,0,1,1,1,1,1,1,1,1,1,0,0,1,0,1,1,1
1,0,1,0,0,1,0,0,0,1,0,1,0,0,0,1,1,0,0,1,0,0,0,0,0,0,0,1,0,0
0,1,1,1,1,1,1,0,0,1,0,1,0,0,0,1,1,1,1,1,1,1,0,0,0,1,0,1,0,1
0,0,1,1,0,1,0,0,0,0,0,1,0,0,0,1,1,1,1,1,1,1,0,0,0,1,0,1,0,0
0,1,1,0,0,1,0,0,0,0,0,1,0,0,1,1,1,1,1,1,0,1,0,0,0,1,1,1,0,1
0,0,1,0,0,1,0,1,0,1,0,1,0,0,0,1,1,0,1,1,1,1,0,0,0,1,0,1,1,0
1,1,1,0,0,1,0,0,0,1,0,0,0,0,1,1,1,1,1,1,1,1,0,0,0,1,1,1,1,1
1,1,1,1,0,1,0,1,0,1,0,1,0,0,0,1,1,1,0,1,0,1,0,0,0,1,0,1,1,0
1,1,1,0,1,1,0,0,0,1,0,1,0,1,1,1,1,1,1,1,1,1,1,0,0,1,1,0,1,0
1,0,1,1,1,1,0,0,0,0,0,1,0,0,0,1,1,1,1,1,1,0,0,0,0,1,0,1,1,0
0,0,1,1,0,1,1,0,0,1,0,0,0,0,1,1,1,1,1,1,1,0,0,0,0,1,0,0,1,0
1,0,1,0,1,1,0,0,0,0,0,0,0,0,1,1,1,1,1,1,1,1,0,0,0,1,1,1,1,0
1,0,1,0,0,1,1,1,0,1,0,0,0,1,1,1,1,1,1,1,1,1,0,0,0,1,0,1,1,1
1,1,1,0,0,1,0,1,0,0,0,1,0,0,0,1,1,1,1,1,1,1,1,0,0,1,0,1,1,0
1,0,1,1,0,1,1,0,0,0,0,0,0,0,1,1,1,1,1,1,1,1,1,0,0,1,0,1,0,1
1,1,1,0,0,1,0,0,0,0,0,1,0,0,0,1,1,0,1,1,1,1,0,0,0,1,0,1,0,0
1,0,1,1,0,1,0,0,0,0,0,0,0,0,0,1,1,1,1,1,1,0,0,0,0,1,1,1,1,0
1,0,1,0,0,1,0,1,0,1,0,0,0,1,0,1,1,1,1,1,1,1,0,0,0,1,0,1,1,0
0,0,1,0,0,1,1,1,0,0,0,1,0,0,0,1,1,1,1,1,1,1,1,0,0,1,1,1,1,1
1,1,1,1,0,1,0,1,1,0,0,1,0,0,1,1,1,1,1,1,1,1,0,0,0,1,0,1,1,1
0,0,1,1,0,1,0,1,0,1,0,0,0,0,1,0,1,0,1,0,1,0,0,0,0,1,0,1,1,1
1,0,1,0,0,1,0,1,0,1,0,0,0,0,0,1,1,1,1,1,1,0,0,0,0,1,0,0,0,0
1,0,1,0,0,1,0,0,0,0,0,0,0,0,0,1,1,1,1,1,1,1,0,0,0,1,0,1,1,0
0,1,1,0,0,1,0,0,0,0,0,0,0,0,1,1,1,1,1,1,1,0,0,0,0,1,0,1,1,0
0,0,1,0,0,1,0,1,0,0,0,1,0,0,0,1,1,1,1,1,1,0,0,0,0,1,0,1,0,0
1,0,1,0,1,1,0,1,0,0,0,1,0,0,0,1,1,1,1,1,1,0,0,0,0,1,0,1,1,0
0,0,1,1,1,1,0,0,0,0,0,1,0,1,0,1,1,1,1,1,1,1,1,0,0,1,0,0,0,0
0,1,1,0,1,1,0,0,0,1,0,1,0,0,1,1,1,0,1,1,1,0,0,0,0,1,0,0,1,1
1,1,1,1,1,1,0,0,0,0,0,0,0,0,0,1,1,1,1,1,1,0,0,0,0,1,0,1,1,1
1,1,1,0,1,1,1,0,0,0,0,1,1,1,1,1,1,1,1,1,1,1,1,0,0,1,0,1,1,0
1,0,1,0,1,1,0,1,0,0,0,1,0,1,0,1,1,1,1,1,1,1,0,0,0,1,0,1,1,1
1,0,1,0,1,1,0,0,0,1,0,1,0,1,1,1,1,1,1,1,0,0,0,0,0,1,1,1,1,1
1,1,1,1,1,1,0,0,0,1,0,1,0,0,1,1,1,1,1,1,1,1,0,0,0,1,0,1,1,0
1,1,1,1,1,1,0,0,0,0,0,0,0,1,1,1,1,1,0,1,1,0,1,0,0,1,0,1,1,0
0,1,1,0,1,1,0,0,0,0,0,0,0,0,1,1,1,1,0,1,0,0,1,0,0,1,1,1,1,1
1,0,1,0,0,1,0,0,0,0,0,0,0,0,0,1,1,1,0,1,0,1,1,0,0,1,0,1,1,1
0,0,1,0,0,1,0,0,0,0,0,0,0,0,0,1,1,1,0,1,0,1,0,0,0,1,0,1,1,1
1,0,1,0,1,1,0,0,0,0,0,1,0,0,0,1,1,1,0,1,1,1,1,0,0,0,0,1,0,0
0,1,1,1,1,1,0,0,0,0,0,1,0,1,0,1,1,1,0,1,1,1,0,0,0,1,0,0,1,1
0,1,1,0,1,1,0,0,0,1,0,0,0,0,0,1,1,1,0,1,0,0,0,0,0,1,1,0,1,0
0,0,1,0,1,1,0,0,0,0,0,1,0,0,0,1,1,1,0,1,1,0,0,0,0,1,0,1,1,1
1,1,1,0,0,1,0,1,0,1,0,1,0,0,0,1,1,1,1,1,1,1,1,0,0,1,1,0,1,1
1,1,1,1,1,1,0,0,0,1,0,1,0,1,1,1,1,1,0,1,0,1,1,0,0,1,1,1,0,1
0,1,1,1,1,1,0,1,0,1,0,1,0,1,0,1,1,1,1,1,0,1,1,0,0,1,0,1,1,0
1,1,1,0,0,1,0,0,0,0,0,0,0,0,0,1,1,1,0,1,0,1,0,0,0,1,1,1,1,1
1,1,1,1,1,1,0,1,0,1,0,1,0,1,1,1,1,1,0,0,0,1,0,0,0,1,0,1,1,0
1,1,1,1,1,1,1,0,0,0,0,1,0,1,0,1,1,1,0,1,1,1,0,0,0,1,0,1,0,0
0,1,1,0,0,1,0,1,0,1,0,1,0,0,0,0,1,1,1,1,0,0,1,0,0,1,0,1,1,1
1,1,1,1,1,1,0,1,0,1,0,0,1,1,1,1,1,1,0,1,0,1,1,0,0,1,0,1,0,0
0,1,1,1,1,1,0,1,0,0,0,1,1,1,1,1,1,1,0,1,0,1,0,0,0,1,0,1,0,0
1,1,1,0,1,1,0,1,0,1,0,1,0,0,1,1,1,1,1,1,0,1,0,0,0,1,0,1,1,0
1,1,1,0,1,1,0,1,0,0,0,0,0,1,0,1,1,1,0,1,0,0,0,0,0,1,0,1,0,0
1,1,1,0,1,1,0,0,0,0,0,0,1,0,0,1,1,1,0,0,0,0,1,0,0,0,0,1,0,1
1,1,1,1,1,1,0,0,0,0,0,1,0,1,1,1,1,1,1,1,1,1,0,0,0,1,0,0,0,1
1,1,1,1,1,1,0,0,0,1,0,1,0,0,1,1,1,1,0,1,0,1,0,0,0,1,0,1,1,1
1,1,1,0,1,1,0,0,0,1,0,0,0,0,0,1,1,1,0,1,0,1,1,0,0,1,0,1,1,1
1,0,1,0,1,1,0,0,0,0,0,1,0,1,0,1,1,1,0,1,0,1,0,0,0,1,0,1,1,0
1,0,1,0,0,1,0,1,0,1,0,1,0,1,0,1,1,0,0,1,0,1,1,0,0,1,0,1,1,0
1,1,1,1,0,1,0,0,0,0,0,1,0,1,0,1,1,1,0,1,0,1,1,0,0,1,1,1,0,1
1,1,1,1,1,0,0,0,0,1,0,0,0,1,1,1,1,1,0,1,0,0,0,0,0,1,1,1,1,0
1,0,1,1,1,1,0,1,0,1,0,0,0,0,0,1,1,1,1,1,0,0,0,0,0,1,0,1,1,0
1,1,1,0,1,1,0,0,0,1,0,1,0,0,0,1,1,1,0,1,0,1,1,0,0,1,1,0,0,1
0,0,1,1,0,1,0,1,0,0,0,1,0,1,0,1,1,1,0,1,0,1,1,0,0,1,1,0,0,1
1,1,1,0,0,1,0,0,1,0,0,0,0,1,0,1,1,1,0,1,0,0,0,0,0,1,0,0,1,0
1,1,1,0,0,1,1,0,1,1,0,0,1,1,0,1,1,1,0,1,0,1,0,0,0,0,1,1,0,1
1,1,1,1,0,1,0,0,0,0,0,1,1,1,0,1,1,1,0,1,0,0,1,0,0,1,0,1,0,0
1,1,1,1,0,1,0,0,0,1,0,1,0,0,0,1,1,1,1,0,0,1,0,0,0,1,1,1,0,1
1,1,1,1,1,1,0,0,0,1,0,1,0,0,1,1,1,1,0,0,0,1,0,0,0,1,0,1,1,0
1,1,1,1,1,1,0,0,0,0,0,0,0,1,1,1,1,1,0,1,0,0,0,0,0,1,1,1,0,0
1,0,1,1,1,1,0,0,0,0,0,0,0,1,0,1,1,1,1,1,0,1,0,0,0,1,1,1,0,0
1,0,1,0,1,1,1,0,0,1,0,1,0,0,0,1,1,1,0,1,0,1,0,0,0,1,1,0,0,0
1,1,1,1,1,1,1,0,0,1,0,1,0,0,0,1,1,1,0,0,0,1,0,0,0,1,0,1,0,0
1,1,1,1,1,0,0,1,0,0,0,1,0,0,1,1,1,1,0,1,0,1,0,0,0,1,0,1,0,1
1,1,1,0,1,1,0,0,0,1,0,1,0,1,0,1,1,1,1,1,0,1,0,0,0,1,0,0,1,0
1,0,1,0,1,1,0,0,0,1,0,1,0,1,1,1,1,1,0,1,1,1,0,0,0,1,0,0,1,0
0,1,1,0,0,1,1,1,0,1,0,1,0,0,0,1,1,1,0,1,0,0,1,0,0,1,0,1,1,0
0,1,1,0,1,1,0,1,0,1,0,1,0,0,1,1,1,1,0,1,0,1,1,0,0,0,1,1,0,0
1,1,1,0,1,0,0,1,0,0,0,1,0,1,0,1,1,1,0,1,0,1,0,0,0,1,1,1,1,0
0,1,1,0,1,1,0,1,0,1,0,1,0,0,1,1,1,1,0,1,0,1,0,0,0,1,0,1,0,0
1,1,1,0,1,1,0,1,0,0,0,1,0,0,1,1,1,1,1,1,0,1,0,0,0,1,1,1,0,1
1,1,1,1,1,1,0,0,0,1,0,1,0,1,1,1,1,1,1,1,0,1,0,0,0,1,0,1,1,0
0,1,1,0,1,1,0,1,0,1,0,0,0,0,0,1,1,1,1,0,0,0,0,0,0,1,1,1,0,0
1,1,1,1,1,1,0,0,0,1,0,1,0,0,1,1,1,1,1,1,0,1,0,0,0,1,0,1,0,1
1,1,1,0,1,1,0,0,1,0,0,0,0,1,1,1,1,1,0,1,0,1,0,0,0,1,1,0,1,0
